[
  {
    "sku": "ST-1001",
    "name": "100% Cotton Bedsheet Fabric - Solid (240 TC)",
    "gsm": 120,
    "thread_count": 240,
    "width_inch": 100,
    "pattern": "Solid",
    "colors": [
      "White",
      "Beige",
      "Sky Blue",
      "Grey"
    ],
    "min_order_meters": 50,
    "price_range_inr_per_meter": "₹120 – ₹180",
    "image": "assets/img/fabric_1.svg",
    "description": "Soft, breathable solid cotton fabric ideal for premium bedsheets and pillow covers."
  },
  {
    "sku": "ST-1002",
    "name": "Pure Cotton Printed - Jaipuri Block (200 TC)",
    "gsm": 110,
    "thread_count": 200,
    "width_inch": 108,
    "pattern": "Jaipuri Block Print",
    "colors": [
      "Indigo",
      "Maroon",
      "Mustard"
    ],
    "min_order_meters": 50,
    "price_range_inr_per_meter": "₹140 – ₹200",
    "image": "assets/img/fabric_2.svg",
    "description": "Traditional Jaipuri-inspired prints with colorfast dyes and soft finish."
  },
  {
    "sku": "ST-1003",
    "name": "Cotton Blend - Stripe (220 TC)",
    "gsm": 115,
    "thread_count": 220,
    "width_inch": 100,
    "pattern": "Stripe",
    "colors": [
      "Navy",
      "Olive",
      "Charcoal"
    ],
    "min_order_meters": 50,
    "price_range_inr_per_meter": "₹110 – ₹160",
    "image": "assets/img/fabric_3.svg",
    "description": "Durable stripe weave with a smooth handfeel, perfect for everyday use."
  },
  {
    "sku": "ST-1004",
    "name": "Organic Cotton - Plain (260 TC)",
    "gsm": 125,
    "thread_count": 260,
    "width_inch": 108,
    "pattern": "Plain",
    "colors": [
      "Ivory",
      "Pastel Pink",
      "Mint"
    ],
    "min_order_meters": 30,
    "price_range_inr_per_meter": "₹180 – ₹240",
    "image": "assets/img/fabric_4.svg",
    "description": "GOTS-inspired organic cotton line with eco-friendly processing."
  },
  {
    "sku": "ST-1005",
    "name": "Printed Cotton - Floral (210 TC)",
    "gsm": 112,
    "thread_count": 210,
    "width_inch": 100,
    "pattern": "Floral",
    "colors": [
      "Blue",
      "Rose",
      "Teal"
    ],
    "min_order_meters": 50,
    "price_range_inr_per_meter": "₹120 – ₹175",
    "image": "assets/img/fabric_5.svg",
    "description": "Soft floral prints with anti-pilling finish and shrink-controlled wash."
  },
  {
    "sku": "ST-1006",
    "name": "Cotton Satin - Plain (300 TC)",
    "gsm": 135,
    "thread_count": 300,
    "width_inch": 108,
    "pattern": "Satin Plain",
    "colors": [
      "Pearl",
      "Champagne",
      "Steel"
    ],
    "min_order_meters": 30,
    "price_range_inr_per_meter": "₹220 – ₹320",
    "image": "assets/img/fabric_6.svg",
    "description": "Lustrous satin weave for a premium, hotel-grade bedsheet experience."
  }
]